WHO_REGION,ISO_2_CODE,ADM1_NAME,ADM0_NAME,ADM1_CODE,ADM0_CODE,STARTDATE,ENDDATE,GUID,ISO_3_CODE,WHO_CODE,ADM1_ALTNA,ADM1_ALTCO,LVL,WHO_STATUS,UN_CODE,UNICEF_REG,CENTER_LON,CENTER_LAT,ADM1_VIZ_N,ADM0_GUID,NOTES,ADM0_VIZ_N,ADM1_PCODE,ADM0_PCODE,ADM1_SHAPE,ADM0_SHAPE,WHO_SUBREG,GlobalID,CODE,dates,rainfall
AFRO,ET,ADDIS ABABA,ETHIOPIA,ET001012000000000000,ET001000000000000000,2019-01-01,9999-12-31,b76c1867-0d84-467b-9dce-b7e6b710ca1a,ETH,ETH,NA,ADD,1,Member state,231,ESARO,38.7876721891,8.97860371203,Addis Ababa,e9f231cb-35e1-467b-8b7c-067df2b9b8f5,NA,Ethiopia,NA,NA,e132e550-7ab8-45c0-9d5f-1edbfd19d281,e9f231cb-35e1-467b-8b7c-067df2b9b8f5,NA,fc98f094-9bb6-4e6a-a0ca-d41b1549a3b8,{B76C1867-0D84-467B-9DCE-B7E6B710CA1A},2014-01-01,7.1273705833836605
AFRO,ET,ADDIS ABABA,ETHIOPIA,ET001012000000000000,ET001000000000000000,2019-01-01,9999-12-31,b76c1867-0d84-467b-9dce-b7e6b710ca1a,ETH,ETH,NA,ADD,1,Member state,231,ESARO,38.7876721891,8.97860371203,Addis Ababa,e9f231cb-35e1-467b-8b7c-067df2b9b8f5,NA,Ethiopia,NA,NA,e132e550-7ab8-45c0-9d5f-1edbfd19d281,e9f231cb-35e1-467b-8b7c-067df2b9b8f5,NA,fc98f094-9bb6-4e6a-a0ca-d41b1549a3b8,{B76C1867-0D84-467B-9DCE-B7E6B710CA1A},2014-02-01,27.60051787526984
AFRO,ET,ADDIS ABABA,ETHIOPIA,ET001012000000000000,ET001000000000000000,2019-01-01,9999-12-31,b76c1867-0d84-467b-9dce-b7e6b710ca1a,ETH,ETH,NA,ADD,1,Member state,231,ESARO,38.7876721891,8.97860371203,Addis Ababa,e9f231cb-35e1-467b-8b7c-067df2b9b8f5,NA,Ethiopia,NA,NA,e132e550-7ab8-45c0-9d5f-1edbfd19d281,e9f231cb-35e1-467b-8b7c-067df2b9b8f5,NA,fc98f094-9bb6-4e6a-a0ca-d41b1549a3b8,{B76C1867-0D84-467B-9DCE-B7E6B710CA1A},2014-03-01,50.213851527163854
AFRO,ET,ADDIS ABABA,ETHIOPIA,ET001012000000000000,ET001000000000000000,2019-01-01,9999-12-31,b76c1867-0d84-467b-9dce-b7e6b710ca1a,ETH,ETH,NA,ADD,1,Member state,231,ESARO,38.7876721891,8.97860371203,Addis Ababa,e9f231cb-35e1-467b-8b7c-067df2b9b8f5,NA,Ethiopia,NA,NA,e132e550-7ab8-45c0-9d5f-1edbfd19d281,e9f231cb-35e1-467b-8b7c-067df2b9b8f5,NA,fc98f094-9bb6-4e6a-a0ca-d41b1549a3b8,{B76C1867-0D84-467B-9DCE-B7E6B710CA1A},2014-04-01,38.769986604389395
AFRO,ET,ADDIS ABABA,ETHIOPIA,ET001012000000000000,ET001000000000000000,2019-01-01,9999-12-31,b76c1867-0d84-467b-9dce-b7e6b710ca1a,ETH,ETH,NA,ADD,1,Member state,231,ESARO,38.7876721891,8.97860371203,Addis Ababa,e9f231cb-35e1-467b-8b7c-067df2b9b8f5,NA,Ethiopia,NA,NA,e132e550-7ab8-45c0-9d5f-1edbfd19d281,e9f231cb-35e1-467b-8b7c-067df2b9b8f5,NA,fc98f094-9bb6-4e6a-a0ca-d41b1549a3b8,{B76C1867-0D84-467B-9DCE-B7E6B710CA1A},2014-05-01,74.92455492521587
AFRO,ET,ADDIS ABABA,ETHIOPIA,ET001012000000000000,ET001000000000000000,2019-01-01,9999-12-31,b76c1867-0d84-467b-9dce-b7e6b710ca1a,ETH,ETH,NA,ADD,1,Member state,231,ESARO,38.7876721891,8.97860371203,Addis Ababa,e9f231cb-35e1-467b-8b7c-067df2b9b8f5,NA,Ethiopia,NA,NA,e132e550-7ab8-45c0-9d5f-1edbfd19d281,e9f231cb-35e1-467b-8b7c-067df2b9b8f5,NA,fc98f094-9bb6-4e6a-a0ca-d41b1549a3b8,{B76C1867-0D84-467B-9DCE-B7E6B710CA1A},2014-06-01,57.58334752133018
AFRO,ET,ADDIS ABABA,ETHIOPIA,ET001012000000000000,ET001000000000000000,2019-01-01,9999-12-31,b76c1867-0d84-467b-9dce-b7e6b710ca1a,ETH,ETH,NA,ADD,1,Member state,231,ESARO,38.7876721891,8.97860371203,Addis Ababa,e9f231cb-35e1-467b-8b7c-067df2b9b8f5,NA,Ethiopia,NA,NA,e132e550-7ab8-45c0-9d5f-1edbfd19d281,e9f231cb-35e1-467b-8b7c-067df2b9b8f5,NA,fc98f094-9bb6-4e6a-a0ca-d41b1549a3b8,{B76C1867-0D84-467B-9DCE-B7E6B710CA1A},2014-07-01,163.64367756090667
AFRO,ET,ADDIS ABABA,ETHIOPIA,ET001012000000000000,ET001000000000000000,2019-01-01,9999-12-31,b76c1867-0d84-467b-9dce-b7e6b710ca1a,ETH,ETH,NA,ADD,1,Member state,231,ESARO,38.7876721891,8.97860371203,Addis Ababa,e9f231cb-35e1-467b-8b7c-067df2b9b8f5,NA,Ethiopia,NA,NA,e132e550-7ab8-45c0-9d5f-1edbfd19d281,e9f231cb-35e1-467b-8b7c-067df2b9b8f5,NA,fc98f094-9bb6-4e6a-a0ca-d41b1549a3b8,{B76C1867-0D84-467B-9DCE-B7E6B710CA1A},2014-08-01,223.12925479286596
AFRO,ET,ADDIS ABABA,ETHIOPIA,ET001012000000000000,ET001000000000000000,2019-01-01,9999-12-31,b76c1867-0d84-467b-9dce-b7e6b710ca1a,ETH,ETH,NA,ADD,1,Member state,231,ESARO,38.7876721891,8.97860371203,Addis Ababa,e9f231cb-35e1-467b-8b7c-067df2b9b8f5,NA,Ethiopia,NA,NA,e132e550-7ab8-45c0-9d5f-1edbfd19d281,e9f231cb-35e1-467b-8b7c-067df2b9b8f5,NA,fc98f094-9bb6-4e6a-a0ca-d41b1549a3b8,{B76C1867-0D84-467B-9DCE-B7E6B710CA1A},2014-09-01,124.38291971307052
AFRO,ET,ADDIS ABABA,ETHIOPIA,ET001012000000000000,ET001000000000000000,2019-01-01,9999-12-31,b76c1867-0d84-467b-9dce-b7e6b710ca1a,ETH,ETH,NA,ADD,1,Member state,231,ESARO,38.7876721891,8.97860371203,Addis Ababa,e9f231cb-35e1-467b-8b7c-067df2b9b8f5,NA,Ethiopia,NA,NA,e132e550-7ab8-45c0-9d5f-1edbfd19d281,e9f231cb-35e1-467b-8b7c-067df2b9b8f5,NA,fc98f094-9bb6-4e6a-a0ca-d41b1549a3b8,{B76C1867-0D84-467B-9DCE-B7E6B710CA1A},2014-10-01,29.0010663584659
AFRO,ET,ADDIS ABABA,ETHIOPIA,ET001012000000000000,ET001000000000000000,2019-01-01,9999-12-31,b76c1867-0d84-467b-9dce-b7e6b710ca1a,ETH,ETH,NA,ADD,1,Member state,231,ESARO,38.7876721891,8.97860371203,Addis Ababa,e9f231cb-35e1-467b-8b7c-067df2b9b8f5,NA,Ethiopia,NA,NA,e132e550-7ab8-45c0-9d5f-1edbfd19d281,e9f231cb-35e1-467b-8b7c-067df2b9b8f5,NA,fc98f094-9bb6-4e6a-a0ca-d41b1549a3b8,{B76C1867-0D84-467B-9DCE-B7E6B710CA1A},2014-11-01,3.913097538446125
AFRO,ET,ADDIS ABABA,ETHIOPIA,ET001012000000000000,ET001000000000000000,2019-01-01,9999-12-31,b76c1867-0d84-467b-9dce-b7e6b710ca1a,ETH,ETH,NA,ADD,1,Member state,231,ESARO,38.7876721891,8.97860371203,Addis Ababa,e9f231cb-35e1-467b-8b7c-067df2b9b8f5,NA,Ethiopia,NA,NA,e132e550-7ab8-45c0-9d5f-1edbfd19d281,e9f231cb-35e1-467b-8b7c-067df2b9b8f5,NA,fc98f094-9bb6-4e6a-a0ca-d41b1549a3b8,{B76C1867-0D84-467B-9DCE-B7E6B710CA1A},2014-12-01,7.480989882820531
AFRO,ET,AFAR,ETHIOPIA,ET001013000000000000,ET001000000000000000,2019-01-01,9999-12-31,394495b9-6cc2-4388-8dd3-caae3bcbbc72,ETH,ETH,NA,AFA,1,Member state,231,ESARO,40.7553868853,12.0287346572,Afar,e9f231cb-35e1-467b-8b7c-067df2b9b8f5,NA,Ethiopia,NA,NA,df20f924-a069-4445-9018-38d18b469d1f,e9f231cb-35e1-467b-8b7c-067df2b9b8f5,NA,ac295e66-6577-4155-9145-20f5bf5b4c0f,{394495B9-6CC2-4388-8DD3-CAAE3BCBBC72},2014-01-01,10.46345112462522
AFRO,ET,AFAR,ETHIOPIA,ET001013000000000000,ET001000000000000000,2019-01-01,9999-12-31,394495b9-6cc2-4388-8dd3-caae3bcbbc72,ETH,ETH,NA,AFA,1,Member state,231,ESARO,40.7553868853,12.0287346572,Afar,e9f231cb-35e1-467b-8b7c-067df2b9b8f5,NA,Ethiopia,NA,NA,df20f924-a069-4445-9018-38d18b469d1f,e9f231cb-35e1-467b-8b7c-067df2b9b8f5,NA,ac295e66-6577-4155-9145-20f5bf5b4c0f,{394495B9-6CC2-4388-8DD3-CAAE3BCBBC72},2014-02-01,13.236452906895044
AFRO,ET,AFAR,ETHIOPIA,ET001013000000000000,ET001000000000000000,2019-01-01,9999-12-31,394495b9-6cc2-4388-8dd3-caae3bcbbc72,ETH,ETH,NA,AFA,1,Member state,231,ESARO,40.7553868853,12.0287346572,Afar,e9f231cb-35e1-467b-8b7c-067df2b9b8f5,NA,Ethiopia,NA,NA,df20f924-a069-4445-9018-38d18b469d1f,e9f231cb-35e1-467b-8b7c-067df2b9b8f5,NA,ac295e66-6577-4155-9145-20f5bf5b4c0f,{394495B9-6CC2-4388-8DD3-CAAE3BCBBC72},2014-03-01,38.70441970687962
AFRO,ET,AFAR,ETHIOPIA,ET001013000000000000,ET001000000000000000,2019-01-01,9999-12-31,394495b9-6cc2-4388-8dd3-caae3bcbbc72,ETH,ETH,NA,AFA,1,Member state,231,ESARO,40.7553868853,12.0287346572,Afar,e9f231cb-35e1-467b-8b7c-067df2b9b8f5,NA,Ethiopia,NA,NA,df20f924-a069-4445-9018-38d18b469d1f,e9f231cb-35e1-467b-8b7c-067df2b9b8f5,NA,ac295e66-6577-4155-9145-20f5bf5b4c0f,{394495B9-6CC2-4388-8DD3-CAAE3BCBBC72},2014-04-01,39.53039128095525
AFRO,ET,AFAR,ETHIOPIA,ET001013000000000000,ET001000000000000000,2019-01-01,9999-12-31,394495b9-6cc2-4388-8dd3-caae3bcbbc72,ETH,ETH,NA,AFA,1,Member state,231,ESARO,40.7553868853,12.0287346572,Afar,e9f231cb-35e1-467b-8b7c-067df2b9b8f5,NA,Ethiopia,NA,NA,df20f924-a069-4445-9018-38d18b469d1f,e9f231cb-35e1-467b-8b7c-067df2b9b8f5,NA,ac295e66-6577-4155-9145-20f5bf5b4c0f,{394495B9-6CC2-4388-8DD3-CAAE3BCBBC72},2014-05-01,39.64143447520159
AFRO,ET,AFAR,ETHIOPIA,ET001013000000000000,ET001000000000000000,2019-01-01,9999-12-31,394495b9-6cc2-4388-8dd3-caae3bcbbc72,ETH,ETH,NA,AFA,1,Member state,231,ESARO,40.7553868853,12.0287346572,Afar,e9f231cb-35e1-467b-8b7c-067df2b9b8f5,NA,Ethiopia,NA,NA,df20f924-a069-4445-9018-38d18b469d1f,e9f231cb-35e1-467b-8b7c-067df2b9b8f5,NA,ac295e66-6577-4155-9145-20f5bf5b4c0f,{394495B9-6CC2-4388-8DD3-CAAE3BCBBC72},2014-06-01,3.790851093241249
AFRO,ET,AFAR,ETHIOPIA,ET001013000000000000,ET001000000000000000,2019-01-01,9999-12-31,394495b9-6cc2-4388-8dd3-caae3bcbbc72,ETH,ETH,NA,AFA,1,Member state,231,ESARO,40.7553868853,12.0287346572,Afar,e9f231cb-35e1-467b-8b7c-067df2b9b8f5,NA,Ethiopia,NA,NA,df20f924-a069-4445-9018-38d18b469d1f,e9f231cb-35e1-467b-8b7c-067df2b9b8f5,NA,ac295e66-6577-4155-9145-20f5bf5b4c0f,{394495B9-6CC2-4388-8DD3-CAAE3BCBBC72},2014-07-01,49.93547536121259
AFRO,ET,AFAR,ETHIOPIA,ET001013000000000000,ET001000000000000000,2019-01-01,9999-12-31,394495b9-6cc2-4388-8dd3-caae3bcbbc72,ETH,ETH,NA,AFA,1,Member state,231,ESARO,40.7553868853,12.0287346572,Afar,e9f231cb-35e1-467b-8b7c-067df2b9b8f5,NA,Ethiopia,NA,NA,df20f924-a069-4445-9018-38d18b469d1f,e9f231cb-35e1-467b-8b7c-067df2b9b8f5,NA,ac295e66-6577-4155-9145-20f5bf5b4c0f,{394495B9-6CC2-4388-8DD3-CAAE3BCBBC72},2014-08-01,74.45455829700325
AFRO,ET,AFAR,ETHIOPIA,ET001013000000000000,ET001000000000000000,2019-01-01,9999-12-31,394495b9-6cc2-4388-8dd3-caae3bcbbc72,ETH,ETH,NA,AFA,1,Member state,231,ESARO,40.7553868853,12.0287346572,Afar,e9f231cb-35e1-467b-8b7c-067df2b9b8f5,NA,Ethiopia,NA,NA,df20f924-a069-4445-9018-38d18b469d1f,e9f231cb-35e1-467b-8b7c-067df2b9b8f5,NA,ac295e66-6577-4155-9145-20f5bf5b4c0f,{394495B9-6CC2-4388-8DD3-CAAE3BCBBC72},2014-09-01,36.823196326948484
AFRO,ET,AFAR,ETHIOPIA,ET001013000000000000,ET001000000000000000,2019-01-01,9999-12-31,394495b9-6cc2-4388-8dd3-caae3bcbbc72,ETH,ETH,NA,AFA,1,Member state,231,ESARO,40.7553868853,12.0287346572,Afar,e9f231cb-35e1-467b-8b7c-067df2b9b8f5,NA,Ethiopia,NA,NA,df20f924-a069-4445-9018-38d18b469d1f,e9f231cb-35e1-467b-8b7c-067df2b9b8f5,NA,ac295e66-6577-4155-9145-20f5bf5b4c0f,{394495B9-6CC2-4388-8DD3-CAAE3BCBBC72},2014-10-01,18.7464922355937
AFRO,ET,AFAR,ETHIOPIA,ET001013000000000000,ET001000000000000000,2019-01-01,9999-12-31,394495b9-6cc2-4388-8dd3-caae3bcbbc72,ETH,ETH,NA,AFA,1,Member state,231,ESARO,40.7553868853,12.0287346572,Afar,e9f231cb-35e1-467b-8b7c-067df2b9b8f5,NA,Ethiopia,NA,NA,df20f924-a069-4445-9018-38d18b469d1f,e9f231cb-35e1-467b-8b7c-067df2b9b8f5,NA,ac295e66-6577-4155-9145-20f5bf5b4c0f,{394495B9-6CC2-4388-8DD3-CAAE3BCBBC72},2014-11-01,9.138847076736182
AFRO,ET,AFAR,ETHIOPIA,ET001013000000000000,ET001000000000000000,2019-01-01,9999-12-31,394495b9-6cc2-4388-8dd3-caae3bcbbc72,ETH,ETH,NA,AFA,1,Member state,231,ESARO,40.7553868853,12.0287346572,Afar,e9f231cb-35e1-467b-8b7c-067df2b9b8f5,NA,Ethiopia,NA,NA,df20f924-a069-4445-9018-38d18b469d1f,e9f231cb-35e1-467b-8b7c-067df2b9b8f5,NA,ac295e66-6577-4155-9145-20f5bf5b4c0f,{394495B9-6CC2-4388-8DD3-CAAE3BCBBC72},2014-12-01,6.35896270900259
AFRO,ET,AMHARA,ETHIOPIA,ET001014000000000000,ET001000000000000000,2019-01-01,9999-12-31,27b7a2fc-89fb-4887-99b0-1588e7db4a61,ETH,ETH,NA,AMH,1,Member state,231,ESARO,37.9918057494,11.5138548559,Amhara,e9f231cb-35e1-467b-8b7c-067df2b9b8f5,NA,Ethiopia,NA,NA,9a658cf2-1ff4-43e4-964f-c97c2ad5eb58,e9f231cb-35e1-467b-8b7c-067df2b9b8f5,NA,0ba3263b-2085-4596-a739-26736cf3a822,{27B7A2FC-89FB-4887-99B0-1588E7DB4A61},2014-01-01,7.404082772039009
AFRO,ET,AMHARA,ETHIOPIA,ET001014000000000000,ET001000000000000000,2019-01-01,9999-12-31,27b7a2fc-89fb-4887-99b0-1588e7db4a61,ETH,ETH,NA,AMH,1,Member state,231,ESARO,37.9918057494,11.5138548559,Amhara,e9f231cb-35e1-467b-8b7c-067df2b9b8f5,NA,Ethiopia,NA,NA,9a658cf2-1ff4-43e4-964f-c97c2ad5eb58,e9f231cb-35e1-467b-8b7c-067df2b9b8f5,NA,0ba3263b-2085-4596-a739-26736cf3a822,{27B7A2FC-89FB-4887-99B0-1588E7DB4A61},2014-02-01,11.908509003511071
AFRO,ET,AMHARA,ETHIOPIA,ET001014000000000000,ET001000000000000000,2019-01-01,9999-12-31,27b7a2fc-89fb-4887-99b0-1588e7db4a61,ETH,ETH,NA,AMH,1,Member state,231,ESARO,37.9918057494,11.5138548559,Amhara,e9f231cb-35e1-467b-8b7c-067df2b9b8f5,NA,Ethiopia,NA,NA,9a658cf2-1ff4-43e4-964f-c97c2ad5eb58,e9f231cb-35e1-467b-8b7c-067df2b9b8f5,NA,0ba3263b-2085-4596-a739-26736cf3a822,{27B7A2FC-89FB-4887-99B0-1588E7DB4A61},2014-03-01,63.03990425912936
AFRO,ET,AMHARA,ETHIOPIA,ET001014000000000000,ET001000000000000000,2019-01-01,9999-12-31,27b7a2fc-89fb-4887-99b0-1588e7db4a61,ETH,ETH,NA,AMH,1,Member state,231,ESARO,37.9918057494,11.5138548559,Amhara,e9f231cb-35e1-467b-8b7c-067df2b9b8f5,NA,Ethiopia,NA,NA,9a658cf2-1ff4-43e4-964f-c97c2ad5eb58,e9f231cb-35e1-467b-8b7c-067df2b9b8f5,NA,0ba3263b-2085-4596-a739-26736cf3a822,{27B7A2FC-89FB-4887-99B0-1588E7DB4A61},2014-04-01,66.0289382242826
AFRO,ET,AMHARA,ETHIOPIA,ET001014000000000000,ET001000000000000000,2019-01-01,9999-12-31,27b7a2fc-89fb-4887-99b0-1588e7db4a61,ETH,ETH,NA,AMH,1,Member state,231,ESARO,37.9918057494,11.5138548559,Amhara,e9f231cb-35e1-467b-8b7c-067df2b9b8f5,NA,Ethiopia,NA,NA,9a658cf2-1ff4-43e4-964f-c97c2ad5eb58,e9f231cb-35e1-467b-8b7c-067df2b9b8f5,NA,0ba3263b-2085-4596-a739-26736cf3a822,{27B7A2FC-89FB-4887-99B0-1588E7DB4A61},2014-05-01,135.90020193996554
AFRO,ET,AMHARA,ETHIOPIA,ET001014000000000000,ET001000000000000000,2019-01-01,9999-12-31,27b7a2fc-89fb-4887-99b0-1588e7db4a61,ETH,ETH,NA,AMH,1,Member state,231,ESARO,37.9918057494,11.5138548559,Amhara,e9f231cb-35e1-467b-8b7c-067df2b9b8f5,NA,Ethiopia,NA,NA,9a658cf2-1ff4-43e4-964f-c97c2ad5eb58,e9f231cb-35e1-467b-8b7c-067df2b9b8f5,NA,0ba3263b-2085-4596-a739-26736cf3a822,{27B7A2FC-89FB-4887-99B0-1588E7DB4A61},2014-06-01,94.1533895213883
AFRO,ET,AMHARA,ETHIOPIA,ET001014000000000000,ET001000000000000000,2019-01-01,9999-12-31,27b7a2fc-89fb-4887-99b0-1588e7db4a61,ETH,ETH,NA,AMH,1,Member state,231,ESARO,37.9918057494,11.5138548559,Amhara,e9f231cb-35e1-467b-8b7c-067df2b9b8f5,NA,Ethiopia,NA,NA,9a658cf2-1ff4-43e4-964f-c97c2ad5eb58,e9f231cb-35e1-467b-8b7c-067df2b9b8f5,NA,0ba3263b-2085-4596-a739-26736cf3a822,{27B7A2FC-89FB-4887-99B0-1588E7DB4A61},2014-07-01,234.57519172136278
AFRO,ET,AMHARA,ETHIOPIA,ET001014000000000000,ET001000000000000000,2019-01-01,9999-12-31,27b7a2fc-89fb-4887-99b0-1588e7db4a61,ETH,ETH,NA,AMH,1,Member state,231,ESARO,37.9918057494,11.5138548559,Amhara,e9f231cb-35e1-467b-8b7c-067df2b9b8f5,NA,Ethiopia,NA,NA,9a658cf2-1ff4-43e4-964f-c97c2ad5eb58,e9f231cb-35e1-467b-8b7c-067df2b9b8f5,NA,0ba3263b-2085-4596-a739-26736cf3a822,{27B7A2FC-89FB-4887-99B0-1588E7DB4A61},2014-08-01,240.78773008119157
AFRO,ET,AMHARA,ETHIOPIA,ET001014000000000000,ET001000000000000000,2019-01-01,9999-12-31,27b7a2fc-89fb-4887-99b0-1588e7db4a61,ETH,ETH,NA,AMH,1,Member state,231,ESARO,37.9918057494,11.5138548559,Amhara,e9f231cb-35e1-467b-8b7c-067df2b9b8f5,NA,Ethiopia,NA,NA,9a658cf2-1ff4-43e4-964f-c97c2ad5eb58,e9f231cb-35e1-467b-8b7c-067df2b9b8f5,NA,0ba3263b-2085-4596-a739-26736cf3a822,{27B7A2FC-89FB-4887-99B0-1588E7DB4A61},2014-09-01,165.88782480793276
AFRO,ET,AMHARA,ETHIOPIA,ET001014000000000000,ET001000000000000000,2019-01-01,9999-12-31,27b7a2fc-89fb-4887-99b0-1588e7db4a61,ETH,ETH,NA,AMH,1,Member state,231,ESARO,37.9918057494,11.5138548559,Amhara,e9f231cb-35e1-467b-8b7c-067df2b9b8f5,NA,Ethiopia,NA,NA,9a658cf2-1ff4-43e4-964f-c97c2ad5eb58,e9f231cb-35e1-467b-8b7c-067df2b9b8f5,NA,0ba3263b-2085-4596-a739-26736cf3a822,{27B7A2FC-89FB-4887-99B0-1588E7DB4A61},2014-10-01,89.8300156614971
AFRO,ET,AMHARA,ETHIOPIA,ET001014000000000000,ET001000000000000000,2019-01-01,9999-12-31,27b7a2fc-89fb-4887-99b0-1588e7db4a61,ETH,ETH,NA,AMH,1,Member state,231,ESARO,37.9918057494,11.5138548559,Amhara,e9f231cb-35e1-467b-8b7c-067df2b9b8f5,NA,Ethiopia,NA,NA,9a658cf2-1ff4-43e4-964f-c97c2ad5eb58,e9f231cb-35e1-467b-8b7c-067df2b9b8f5,NA,0ba3263b-2085-4596-a739-26736cf3a822,{27B7A2FC-89FB-4887-99B0-1588E7DB4A61},2014-11-01,10.753485655481974
AFRO,ET,AMHARA,ETHIOPIA,ET001014000000000000,ET001000000000000000,2019-01-01,9999-12-31,27b7a2fc-89fb-4887-99b0-1588e7db4a61,ETH,ETH,NA,AMH,1,Member state,231,ESARO,37.9918057494,11.5138548559,Amhara,e9f231cb-35e1-467b-8b7c-067df2b9b8f5,NA,Ethiopia,NA,NA,9a658cf2-1ff4-43e4-964f-c97c2ad5eb58,e9f231cb-35e1-467b-8b7c-067df2b9b8f5,NA,0ba3263b-2085-4596-a739-26736cf3a822,{27B7A2FC-89FB-4887-99B0-1588E7DB4A61},2014-12-01,8.86659748280011
AFRO,ET,BENESHANGUL GUMUZ,ETHIOPIA,ET001015000000000000,ET001000000000000000,2019-01-01,9999-12-31,6c1155ab-0490-4454-a8ab-3ca4ff0078e5,ETH,ETH,BENISHANGUL GUMUZ,BEN,1,Member state,231,ESARO,35.4413870494,10.5241670605,Beneshangul Gumuz,e9f231cb-35e1-467b-8b7c-067df2b9b8f5,NA,Ethiopia,NA,NA,1cb5bf86-f75b-4e68-b01a-f91e0f745f40,e9f231cb-35e1-467b-8b7c-067df2b9b8f5,NA,61a169a4-263d-417d-8815-ad6a807762f8,{6C1155AB-0490-4454-A8AB-3CA4FF0078E5},2014-01-01,0.9179879293863382
AFRO,ET,BENESHANGUL GUMUZ,ETHIOPIA,ET001015000000000000,ET001000000000000000,2019-01-01,9999-12-31,6c1155ab-0490-4454-a8ab-3ca4ff0078e5,ETH,ETH,BENISHANGUL GUMUZ,BEN,1,Member state,231,ESARO,35.4413870494,10.5241670605,Beneshangul Gumuz,e9f231cb-35e1-467b-8b7c-067df2b9b8f5,NA,Ethiopia,NA,NA,1cb5bf86-f75b-4e68-b01a-f91e0f745f40,e9f231cb-35e1-467b-8b7c-067df2b9b8f5,NA,61a169a4-263d-417d-8815-ad6a807762f8,{6C1155AB-0490-4454-A8AB-3CA4FF0078E5},2014-02-01,2.2996784518166082
AFRO,ET,BENESHANGUL GUMUZ,ETHIOPIA,ET001015000000000000,ET001000000000000000,2019-01-01,9999-12-31,6c1155ab-0490-4454-a8ab-3ca4ff0078e5,ETH,ETH,BENISHANGUL GUMUZ,BEN,1,Member state,231,ESARO,35.4413870494,10.5241670605,Beneshangul Gumuz,e9f231cb-35e1-467b-8b7c-067df2b9b8f5,NA,Ethiopia,NA,NA,1cb5bf86-f75b-4e68-b01a-f91e0f745f40,e9f231cb-35e1-467b-8b7c-067df2b9b8f5,NA,61a169a4-263d-417d-8815-ad6a807762f8,{6C1155AB-0490-4454-A8AB-3CA4FF0078E5},2014-03-01,19.585892101490597
AFRO,ET,BENESHANGUL GUMUZ,ETHIOPIA,ET001015000000000000,ET001000000000000000,2019-01-01,9999-12-31,6c1155ab-0490-4454-a8ab-3ca4ff0078e5,ETH,ETH,BENISHANGUL GUMUZ,BEN,1,Member state,231,ESARO,35.4413870494,10.5241670605,Beneshangul Gumuz,e9f231cb-35e1-467b-8b7c-067df2b9b8f5,NA,Ethiopia,NA,NA,1cb5bf86-f75b-4e68-b01a-f91e0f745f40,e9f231cb-35e1-467b-8b7c-067df2b9b8f5,NA,61a169a4-263d-417d-8815-ad6a807762f8,{6C1155AB-0490-4454-A8AB-3CA4FF0078E5},2014-04-01,76.95158009486367
AFRO,ET,BENESHANGUL GUMUZ,ETHIOPIA,ET001015000000000000,ET001000000000000000,2019-01-01,9999-12-31,6c1155ab-0490-4454-a8ab-3ca4ff0078e5,ETH,ETH,BENISHANGUL GUMUZ,BEN,1,Member state,231,ESARO,35.4413870494,10.5241670605,Beneshangul Gumuz,e9f231cb-35e1-467b-8b7c-067df2b9b8f5,NA,Ethiopia,NA,NA,1cb5bf86-f75b-4e68-b01a-f91e0f745f40,e9f231cb-35e1-467b-8b7c-067df2b9b8f5,NA,61a169a4-263d-417d-8815-ad6a807762f8,{6C1155AB-0490-4454-A8AB-3CA4FF0078E5},2014-05-01,191.75377709232097
AFRO,ET,BENESHANGUL GUMUZ,ETHIOPIA,ET001015000000000000,ET001000000000000000,2019-01-01,9999-12-31,6c1155ab-0490-4454-a8ab-3ca4ff0078e5,ETH,ETH,BENISHANGUL GUMUZ,BEN,1,Member state,231,ESARO,35.4413870494,10.5241670605,Beneshangul Gumuz,e9f231cb-35e1-467b-8b7c-067df2b9b8f5,NA,Ethiopia,NA,NA,1cb5bf86-f75b-4e68-b01a-f91e0f745f40,e9f231cb-35e1-467b-8b7c-067df2b9b8f5,NA,61a169a4-263d-417d-8815-ad6a807762f8,{6C1155AB-0490-4454-A8AB-3CA4FF0078E5},2014-06-01,187.44167232684237
AFRO,ET,BENESHANGUL GUMUZ,ETHIOPIA,ET001015000000000000,ET001000000000000000,2019-01-01,9999-12-31,6c1155ab-0490-4454-a8ab-3ca4ff0078e5,ETH,ETH,BENISHANGUL GUMUZ,BEN,1,Member state,231,ESARO,35.4413870494,10.5241670605,Beneshangul Gumuz,e9f231cb-35e1-467b-8b7c-067df2b9b8f5,NA,Ethiopia,NA,NA,1cb5bf86-f75b-4e68-b01a-f91e0f745f40,e9f231cb-35e1-467b-8b7c-067df2b9b8f5,NA,61a169a4-263d-417d-8815-ad6a807762f8,{6C1155AB-0490-4454-A8AB-3CA4FF0078E5},2014-07-01,226.37656435838392
AFRO,ET,BENESHANGUL GUMUZ,ETHIOPIA,ET001015000000000000,ET001000000000000000,2019-01-01,9999-12-31,6c1155ab-0490-4454-a8ab-3ca4ff0078e5,ETH,ETH,BENISHANGUL GUMUZ,BEN,1,Member state,231,ESARO,35.4413870494,10.5241670605,Beneshangul Gumuz,e9f231cb-35e1-467b-8b7c-067df2b9b8f5,NA,Ethiopia,NA,NA,1cb5bf86-f75b-4e68-b01a-f91e0f745f40,e9f231cb-35e1-467b-8b7c-067df2b9b8f5,NA,61a169a4-263d-417d-8815-ad6a807762f8,{6C1155AB-0490-4454-A8AB-3CA4FF0078E5},2014-08-01,248.64739942863747
AFRO,ET,BENESHANGUL GUMUZ,ETHIOPIA,ET001015000000000000,ET001000000000000000,2019-01-01,9999-12-31,6c1155ab-0490-4454-a8ab-3ca4ff0078e5,ETH,ETH,BENISHANGUL GUMUZ,BEN,1,Member state,231,ESARO,35.4413870494,10.5241670605,Beneshangul Gumuz,e9f231cb-35e1-467b-8b7c-067df2b9b8f5,NA,Ethiopia,NA,NA,1cb5bf86-f75b-4e68-b01a-f91e0f745f40,e9f231cb-35e1-467b-8b7c-067df2b9b8f5,NA,61a169a4-263d-417d-8815-ad6a807762f8,{6C1155AB-0490-4454-A8AB-3CA4FF0078E5},2014-09-01,225.1461712692032
AFRO,ET,BENESHANGUL GUMUZ,ETHIOPIA,ET001015000000000000,ET001000000000000000,2019-01-01,9999-12-31,6c1155ab-0490-4454-a8ab-3ca4ff0078e5,ETH,ETH,BENISHANGUL GUMUZ,BEN,1,Member state,231,ESARO,35.4413870494,10.5241670605,Beneshangul Gumuz,e9f231cb-35e1-467b-8b7c-067df2b9b8f5,NA,Ethiopia,NA,NA,1cb5bf86-f75b-4e68-b01a-f91e0f745f40,e9f231cb-35e1-467b-8b7c-067df2b9b8f5,NA,61a169a4-263d-417d-8815-ad6a807762f8,{6C1155AB-0490-4454-A8AB-3CA4FF0078E5},2014-10-01,132.0207120297557
AFRO,ET,BENESHANGUL GUMUZ,ETHIOPIA,ET001015000000000000,ET001000000000000000,2019-01-01,9999-12-31,6c1155ab-0490-4454-a8ab-3ca4ff0078e5,ETH,ETH,BENISHANGUL GUMUZ,BEN,1,Member state,231,ESARO,35.4413870494,10.5241670605,Beneshangul Gumuz,e9f231cb-35e1-467b-8b7c-067df2b9b8f5,NA,Ethiopia,NA,NA,1cb5bf86-f75b-4e68-b01a-f91e0f745f40,e9f231cb-35e1-467b-8b7c-067df2b9b8f5,NA,61a169a4-263d-417d-8815-ad6a807762f8,{6C1155AB-0490-4454-A8AB-3CA4FF0078E5},2014-11-01,13.016995074001564
AFRO,ET,BENESHANGUL GUMUZ,ETHIOPIA,ET001015000000000000,ET001000000000000000,2019-01-01,9999-12-31,6c1155ab-0490-4454-a8ab-3ca4ff0078e5,ETH,ETH,BENISHANGUL GUMUZ,BEN,1,Member state,231,ESARO,35.4413870494,10.5241670605,Beneshangul Gumuz,e9f231cb-35e1-467b-8b7c-067df2b9b8f5,NA,Ethiopia,NA,NA,1cb5bf86-f75b-4e68-b01a-f91e0f745f40,e9f231cb-35e1-467b-8b7c-067df2b9b8f5,NA,61a169a4-263d-417d-8815-ad6a807762f8,{6C1155AB-0490-4454-A8AB-3CA4FF0078E5},2014-12-01,1.7478014616023363
AFRO,ET,DIRE DAWA,ETHIOPIA,ET001016000000000000,ET001000000000000000,2019-01-01,9999-12-31,14e9f71b-53c4-4691-b493-44ea9dd6024e,ETH,ETH,NA,DIR,1,Member state,231,ESARO,41.973802393,9.58223098271,Dire Dawa,e9f231cb-35e1-467b-8b7c-067df2b9b8f5,NA,Ethiopia,NA,NA,01620448-be58-4b1a-bc26-58991b5fb3a2,e9f231cb-35e1-467b-8b7c-067df2b9b8f5,NA,156dc2e8-cfa9-42bd-852c-6a55d6d18a63,{14E9F71B-53C4-4691-B493-44EA9DD6024E},2014-01-01,6.906999061504999
AFRO,ET,DIRE DAWA,ETHIOPIA,ET001016000000000000,ET001000000000000000,2019-01-01,9999-12-31,14e9f71b-53c4-4691-b493-44ea9dd6024e,ETH,ETH,NA,DIR,1,Member state,231,ESARO,41.973802393,9.58223098271,Dire Dawa,e9f231cb-35e1-467b-8b7c-067df2b9b8f5,NA,Ethiopia,NA,NA,01620448-be58-4b1a-bc26-58991b5fb3a2,e9f231cb-35e1-467b-8b7c-067df2b9b8f5,NA,156dc2e8-cfa9-42bd-852c-6a55d6d18a63,{14E9F71B-53C4-4691-B493-44EA9DD6024E},2014-02-01,13.010160401463509
AFRO,ET,DIRE DAWA,ETHIOPIA,ET001016000000000000,ET001000000000000000,2019-01-01,9999-12-31,14e9f71b-53c4-4691-b493-44ea9dd6024e,ETH,ETH,NA,DIR,1,Member state,231,ESARO,41.973802393,9.58223098271,Dire Dawa,e9f231cb-35e1-467b-8b7c-067df2b9b8f5,NA,Ethiopia,NA,NA,01620448-be58-4b1a-bc26-58991b5fb3a2,e9f231cb-35e1-467b-8b7c-067df2b9b8f5,NA,156dc2e8-cfa9-42bd-852c-6a55d6d18a63,{14E9F71B-53C4-4691-B493-44EA9DD6024E},2014-03-01,102.08008448282877
AFRO,ET,DIRE DAWA,ETHIOPIA,ET001016000000000000,ET001000000000000000,2019-01-01,9999-12-31,14e9f71b-53c4-4691-b493-44ea9dd6024e,ETH,ETH,NA,DIR,1,Member state,231,ESARO,41.973802393,9.58223098271,Dire Dawa,e9f231cb-35e1-467b-8b7c-067df2b9b8f5,NA,Ethiopia,NA,NA,01620448-be58-4b1a-bc26-58991b5fb3a2,e9f231cb-35e1-467b-8b7c-067df2b9b8f5,NA,156dc2e8-cfa9-42bd-852c-6a55d6d18a63,{14E9F71B-53C4-4691-B493-44EA9DD6024E},2014-04-01,118.11945708592734
AFRO,ET,DIRE DAWA,ETHIOPIA,ET001016000000000000,ET001000000000000000,2019-01-01,9999-12-31,14e9f71b-53c4-4691-b493-44ea9dd6024e,ETH,ETH,NA,DIR,1,Member state,231,ESARO,41.973802393,9.58223098271,Dire Dawa,e9f231cb-35e1-467b-8b7c-067df2b9b8f5,NA,Ethiopia,NA,NA,01620448-be58-4b1a-bc26-58991b5fb3a2,e9f231cb-35e1-467b-8b7c-067df2b9b8f5,NA,156dc2e8-cfa9-42bd-852c-6a55d6d18a63,{14E9F71B-53C4-4691-B493-44EA9DD6024E},2014-05-01,65.42655054728189
AFRO,ET,DIRE DAWA,ETHIOPIA,ET001016000000000000,ET001000000000000000,2019-01-01,9999-12-31,14e9f71b-53c4-4691-b493-44ea9dd6024e,ETH,ETH,NA,DIR,1,Member state,231,ESARO,41.973802393,9.58223098271,Dire Dawa,e9f231cb-35e1-467b-8b7c-067df2b9b8f5,NA,Ethiopia,NA,NA,01620448-be58-4b1a-bc26-58991b5fb3a2,e9f231cb-35e1-467b-8b7c-067df2b9b8f5,NA,156dc2e8-cfa9-42bd-852c-6a55d6d18a63,{14E9F71B-53C4-4691-B493-44EA9DD6024E},2014-06-01,16.266003588835396
AFRO,ET,DIRE DAWA,ETHIOPIA,ET001016000000000000,ET001000000000000000,2019-01-01,9999-12-31,14e9f71b-53c4-4691-b493-44ea9dd6024e,ETH,ETH,NA,DIR,1,Member state,231,ESARO,41.973802393,9.58223098271,Dire Dawa,e9f231cb-35e1-467b-8b7c-067df2b9b8f5,NA,Ethiopia,NA,NA,01620448-be58-4b1a-bc26-58991b5fb3a2,e9f231cb-35e1-467b-8b7c-067df2b9b8f5,NA,156dc2e8-cfa9-42bd-852c-6a55d6d18a63,{14E9F71B-53C4-4691-B493-44EA9DD6024E},2014-07-01,101.07644240061441
AFRO,ET,DIRE DAWA,ETHIOPIA,ET001016000000000000,ET001000000000000000,2019-01-01,9999-12-31,14e9f71b-53c4-4691-b493-44ea9dd6024e,ETH,ETH,NA,DIR,1,Member state,231,ESARO,41.973802393,9.58223098271,Dire Dawa,e9f231cb-35e1-467b-8b7c-067df2b9b8f5,NA,Ethiopia,NA,NA,01620448-be58-4b1a-bc26-58991b5fb3a2,e9f231cb-35e1-467b-8b7c-067df2b9b8f5,NA,156dc2e8-cfa9-42bd-852c-6a55d6d18a63,{14E9F71B-53C4-4691-B493-44EA9DD6024E},2014-08-01,135.4297278722127
AFRO,ET,DIRE DAWA,ETHIOPIA,ET001016000000000000,ET001000000000000000,2019-01-01,9999-12-31,14e9f71b-53c4-4691-b493-44ea9dd6024e,ETH,ETH,NA,DIR,1,Member state,231,ESARO,41.973802393,9.58223098271,Dire Dawa,e9f231cb-35e1-467b-8b7c-067df2b9b8f5,NA,Ethiopia,NA,NA,01620448-be58-4b1a-bc26-58991b5fb3a2,e9f231cb-35e1-467b-8b7c-067df2b9b8f5,NA,156dc2e8-cfa9-42bd-852c-6a55d6d18a63,{14E9F71B-53C4-4691-B493-44EA9DD6024E},2014-09-01,233.1515719095866
AFRO,ET,DIRE DAWA,ETHIOPIA,ET001016000000000000,ET001000000000000000,2019-01-01,9999-12-31,14e9f71b-53c4-4691-b493-44ea9dd6024e,ETH,ETH,NA,DIR,1,Member state,231,ESARO,41.973802393,9.58223098271,Dire Dawa,e9f231cb-35e1-467b-8b7c-067df2b9b8f5,NA,Ethiopia,NA,NA,01620448-be58-4b1a-bc26-58991b5fb3a2,e9f231cb-35e1-467b-8b7c-067df2b9b8f5,NA,156dc2e8-cfa9-42bd-852c-6a55d6d18a63,{14E9F71B-53C4-4691-B493-44EA9DD6024E},2014-10-01,85.51452358563742
AFRO,ET,DIRE DAWA,ETHIOPIA,ET001016000000000000,ET001000000000000000,2019-01-01,9999-12-31,14e9f71b-53c4-4691-b493-44ea9dd6024e,ETH,ETH,NA,DIR,1,Member state,231,ESARO,41.973802393,9.58223098271,Dire Dawa,e9f231cb-35e1-467b-8b7c-067df2b9b8f5,NA,Ethiopia,NA,NA,01620448-be58-4b1a-bc26-58991b5fb3a2,e9f231cb-35e1-467b-8b7c-067df2b9b8f5,NA,156dc2e8-cfa9-42bd-852c-6a55d6d18a63,{14E9F71B-53C4-4691-B493-44EA9DD6024E},2014-11-01,12.165754497051239
AFRO,ET,DIRE DAWA,ETHIOPIA,ET001016000000000000,ET001000000000000000,2019-01-01,9999-12-31,14e9f71b-53c4-4691-b493-44ea9dd6024e,ETH,ETH,NA,DIR,1,Member state,231,ESARO,41.973802393,9.58223098271,Dire Dawa,e9f231cb-35e1-467b-8b7c-067df2b9b8f5,NA,Ethiopia,NA,NA,01620448-be58-4b1a-bc26-58991b5fb3a2,e9f231cb-35e1-467b-8b7c-067df2b9b8f5,NA,156dc2e8-cfa9-42bd-852c-6a55d6d18a63,{14E9F71B-53C4-4691-B493-44EA9DD6024E},2014-12-01,3.530099019408226
AFRO,ET,GAMBELLA,ETHIOPIA,ET001017000000000000,ET001000000000000000,2019-01-01,9999-12-31,a327b900-d802-477f-8b46-50fb89fecf6e,ETH,ETH,NA,GAM,1,Member state,231,ESARO,34.32895226,7.67603842369,Gambella,e9f231cb-35e1-467b-8b7c-067df2b9b8f5,NA,Ethiopia,NA,NA,0c840fdb-62ad-463b-b05b-2fce3c4c86bf,e9f231cb-35e1-467b-8b7c-067df2b9b8f5,NA,d4bd6f1b-48b0-4b4f-9bda-2537b2779a79,{A327B900-D802-477F-8B46-50FB89FECF6E},2014-01-01,5.982622786293512
AFRO,ET,GAMBELLA,ETHIOPIA,ET001017000000000000,ET001000000000000000,2019-01-01,9999-12-31,a327b900-d802-477f-8b46-50fb89fecf6e,ETH,ETH,NA,GAM,1,Member state,231,ESARO,34.32895226,7.67603842369,Gambella,e9f231cb-35e1-467b-8b7c-067df2b9b8f5,NA,Ethiopia,NA,NA,0c840fdb-62ad-463b-b05b-2fce3c4c86bf,e9f231cb-35e1-467b-8b7c-067df2b9b8f5,NA,d4bd6f1b-48b0-4b4f-9bda-2537b2779a79,{A327B900-D802-477F-8B46-50FB89FECF6E},2014-02-01,10.686424209688024
AFRO,ET,GAMBELLA,ETHIOPIA,ET001017000000000000,ET001000000000000000,2019-01-01,9999-12-31,a327b900-d802-477f-8b46-50fb89fecf6e,ETH,ETH,NA,GAM,1,Member state,231,ESARO,34.32895226,7.67603842369,Gambella,e9f231cb-35e1-467b-8b7c-067df2b9b8f5,NA,Ethiopia,NA,NA,0c840fdb-62ad-463b-b05b-2fce3c4c86bf,e9f231cb-35e1-467b-8b7c-067df2b9b8f5,NA,d4bd6f1b-48b0-4b4f-9bda-2537b2779a79,{A327B900-D802-477F-8B46-50FB89FECF6E},2014-03-01,53.58239666969189
AFRO,ET,GAMBELLA,ETHIOPIA,ET001017000000000000,ET001000000000000000,2019-01-01,9999-12-31,a327b900-d802-477f-8b46-50fb89fecf6e,ETH,ETH,NA,GAM,1,Member state,231,ESARO,34.32895226,7.67603842369,Gambella,e9f231cb-35e1-467b-8b7c-067df2b9b8f5,NA,Ethiopia,NA,NA,0c840fdb-62ad-463b-b05b-2fce3c4c86bf,e9f231cb-35e1-467b-8b7c-067df2b9b8f5,NA,d4bd6f1b-48b0-4b4f-9bda-2537b2779a79,{A327B900-D802-477F-8B46-50FB89FECF6E},2014-04-01,113.49131487280226
AFRO,ET,GAMBELLA,ETHIOPIA,ET001017000000000000,ET001000000000000000,2019-01-01,9999-12-31,a327b900-d802-477f-8b46-50fb89fecf6e,ETH,ETH,NA,GAM,1,Member state,231,ESARO,34.32895226,7.67603842369,Gambella,e9f231cb-35e1-467b-8b7c-067df2b9b8f5,NA,Ethiopia,NA,NA,0c840fdb-62ad-463b-b05b-2fce3c4c86bf,e9f231cb-35e1-467b-8b7c-067df2b9b8f5,NA,d4bd6f1b-48b0-4b4f-9bda-2537b2779a79,{A327B900-D802-477F-8B46-50FB89FECF6E},2014-05-01,184.29136475338868
AFRO,ET,GAMBELLA,ETHIOPIA,ET001017000000000000,ET001000000000000000,2019-01-01,9999-12-31,a327b900-d802-477f-8b46-50fb89fecf6e,ETH,ETH,NA,GAM,1,Member state,231,ESARO,34.32895226,7.67603842369,Gambella,e9f231cb-35e1-467b-8b7c-067df2b9b8f5,NA,Ethiopia,NA,NA,0c840fdb-62ad-463b-b05b-2fce3c4c86bf,e9f231cb-35e1-467b-8b7c-067df2b9b8f5,NA,d4bd6f1b-48b0-4b4f-9bda-2537b2779a79,{A327B900-D802-477F-8B46-50FB89FECF6E},2014-06-01,126.96835023948407
AFRO,ET,GAMBELLA,ETHIOPIA,ET001017000000000000,ET001000000000000000,2019-01-01,9999-12-31,a327b900-d802-477f-8b46-50fb89fecf6e,ETH,ETH,NA,GAM,1,Member state,231,ESARO,34.32895226,7.67603842369,Gambella,e9f231cb-35e1-467b-8b7c-067df2b9b8f5,NA,Ethiopia,NA,NA,0c840fdb-62ad-463b-b05b-2fce3c4c86bf,e9f231cb-35e1-467b-8b7c-067df2b9b8f5,NA,d4bd6f1b-48b0-4b4f-9bda-2537b2779a79,{A327B900-D802-477F-8B46-50FB89FECF6E},2014-07-01,172.1309342783285
AFRO,ET,GAMBELLA,ETHIOPIA,ET001017000000000000,ET001000000000000000,2019-01-01,9999-12-31,a327b900-d802-477f-8b46-50fb89fecf6e,ETH,ETH,NA,GAM,1,Member state,231,ESARO,34.32895226,7.67603842369,Gambella,e9f231cb-35e1-467b-8b7c-067df2b9b8f5,NA,Ethiopia,NA,NA,0c840fdb-62ad-463b-b05b-2fce3c4c86bf,e9f231cb-35e1-467b-8b7c-067df2b9b8f5,NA,d4bd6f1b-48b0-4b4f-9bda-2537b2779a79,{A327B900-D802-477F-8B46-50FB89FECF6E},2014-08-01,204.70626514936356
AFRO,ET,GAMBELLA,ETHIOPIA,ET001017000000000000,ET001000000000000000,2019-01-01,9999-12-31,a327b900-d802-477f-8b46-50fb89fecf6e,ETH,ETH,NA,GAM,1,Member state,231,ESARO,34.32895226,7.67603842369,Gambella,e9f231cb-35e1-467b-8b7c-067df2b9b8f5,NA,Ethiopia,NA,NA,0c840fdb-62ad-463b-b05b-2fce3c4c86bf,e9f231cb-35e1-467b-8b7c-067df2b9b8f5,NA,d4bd6f1b-48b0-4b4f-9bda-2537b2779a79,{A327B900-D802-477F-8B46-50FB89FECF6E},2014-09-01,139.40453147888184
AFRO,ET,GAMBELLA,ETHIOPIA,ET001017000000000000,ET001000000000000000,2019-01-01,9999-12-31,a327b900-d802-477f-8b46-50fb89fecf6e,ETH,ETH,NA,GAM,1,Member state,231,ESARO,34.32895226,7.67603842369,Gambella,e9f231cb-35e1-467b-8b7c-067df2b9b8f5,NA,Ethiopia,NA,NA,0c840fdb-62ad-463b-b05b-2fce3c4c86bf,e9f231cb-35e1-467b-8b7c-067df2b9b8f5,NA,d4bd6f1b-48b0-4b4f-9bda-2537b2779a79,{A327B900-D802-477F-8B46-50FB89FECF6E},2014-10-01,161.7427539369504
AFRO,ET,GAMBELLA,ETHIOPIA,ET001017000000000000,ET001000000000000000,2019-01-01,9999-12-31,a327b900-d802-477f-8b46-50fb89fecf6e,ETH,ETH,NA,GAM,1,Member state,231,ESARO,34.32895226,7.67603842369,Gambella,e9f231cb-35e1-467b-8b7c-067df2b9b8f5,NA,Ethiopia,NA,NA,0c840fdb-62ad-463b-b05b-2fce3c4c86bf,e9f231cb-35e1-467b-8b7c-067df2b9b8f5,NA,d4bd6f1b-48b0-4b4f-9bda-2537b2779a79,{A327B900-D802-477F-8B46-50FB89FECF6E},2014-11-01,56.441110889275684
AFRO,ET,GAMBELLA,ETHIOPIA,ET001017000000000000,ET001000000000000000,2019-01-01,9999-12-31,a327b900-d802-477f-8b46-50fb89fecf6e,ETH,ETH,NA,GAM,1,Member state,231,ESARO,34.32895226,7.67603842369,Gambella,e9f231cb-35e1-467b-8b7c-067df2b9b8f5,NA,Ethiopia,NA,NA,0c840fdb-62ad-463b-b05b-2fce3c4c86bf,e9f231cb-35e1-467b-8b7c-067df2b9b8f5,NA,d4bd6f1b-48b0-4b4f-9bda-2537b2779a79,{A327B900-D802-477F-8B46-50FB89FECF6E},2014-12-01,8.680947665229096
AFRO,ET,HARARI,ETHIOPIA,ET001018000000000000,ET001000000000000000,2019-01-01,9999-12-31,df181c55-a486-46bb-b53c-44c2a113835d,ETH,ETH,NA,HAR,1,Member state,231,ESARO,42.1106084185,9.25574831065,Harari,e9f231cb-35e1-467b-8b7c-067df2b9b8f5,NA,Ethiopia,NA,NA,cd3d86b5-7980-4368-aa78-a339ae05f9c0,e9f231cb-35e1-467b-8b7c-067df2b9b8f5,NA,6a6b7b71-4784-4435-a5b3-97dedb3e8753,{DF181C55-A486-46BB-B53C-44C2A113835D},2014-01-01,9.009257555007935
AFRO,ET,HARARI,ETHIOPIA,ET001018000000000000,ET001000000000000000,2019-01-01,9999-12-31,df181c55-a486-46bb-b53c-44c2a113835d,ETH,ETH,NA,HAR,1,Member state,231,ESARO,42.1106084185,9.25574831065,Harari,e9f231cb-35e1-467b-8b7c-067df2b9b8f5,NA,Ethiopia,NA,NA,cd3d86b5-7980-4368-aa78-a339ae05f9c0,e9f231cb-35e1-467b-8b7c-067df2b9b8f5,NA,6a6b7b71-4784-4435-a5b3-97dedb3e8753,{DF181C55-A486-46BB-B53C-44C2A113835D},2014-02-01,13.8666299978892
AFRO,ET,HARARI,ETHIOPIA,ET001018000000000000,ET001000000000000000,2019-01-01,9999-12-31,df181c55-a486-46bb-b53c-44c2a113835d,ETH,ETH,NA,HAR,1,Member state,231,ESARO,42.1106084185,9.25574831065,Harari,e9f231cb-35e1-467b-8b7c-067df2b9b8f5,NA,Ethiopia,NA,NA,cd3d86b5-7980-4368-aa78-a339ae05f9c0,e9f231cb-35e1-467b-8b7c-067df2b9b8f5,NA,6a6b7b71-4784-4435-a5b3-97dedb3e8753,{DF181C55-A486-46BB-B53C-44C2A113835D},2014-03-01,86.07933616638184
AFRO,ET,HARARI,ETHIOPIA,ET001018000000000000,ET001000000000000000,2019-01-01,9999-12-31,df181c55-a486-46bb-b53c-44c2a113835d,ETH,ETH,NA,HAR,1,Member state,231,ESARO,42.1106084185,9.25574831065,Harari,e9f231cb-35e1-467b-8b7c-067df2b9b8f5,NA,Ethiopia,NA,NA,cd3d86b5-7980-4368-aa78-a339ae05f9c0,e9f231cb-35e1-467b-8b7c-067df2b9b8f5,NA,6a6b7b71-4784-4435-a5b3-97dedb3e8753,{DF181C55-A486-46BB-B53C-44C2A113835D},2014-04-01,118.15530586242676
AFRO,ET,HARARI,ETHIOPIA,ET001018000000000000,ET001000000000000000,2019-01-01,9999-12-31,df181c55-a486-46bb-b53c-44c2a113835d,ETH,ETH,NA,HAR,1,Member state,231,ESARO,42.1106084185,9.25574831065,Harari,e9f231cb-35e1-467b-8b7c-067df2b9b8f5,NA,Ethiopia,NA,NA,cd3d86b5-7980-4368-aa78-a339ae05f9c0,e9f231cb-35e1-467b-8b7c-067df2b9b8f5,NA,6a6b7b71-4784-4435-a5b3-97dedb3e8753,{DF181C55-A486-46BB-B53C-44C2A113835D},2014-05-01,106.82392247517903
AFRO,ET,HARARI,ETHIOPIA,ET001018000000000000,ET001000000000000000,2019-01-01,9999-12-31,df181c55-a486-46bb-b53c-44c2a113835d,ETH,ETH,NA,HAR,1,Member state,231,ESARO,42.1106084185,9.25574831065,Harari,e9f231cb-35e1-467b-8b7c-067df2b9b8f5,NA,Ethiopia,NA,NA,cd3d86b5-7980-4368-aa78-a339ae05f9c0,e9f231cb-35e1-467b-8b7c-067df2b9b8f5,NA,6a6b7b71-4784-4435-a5b3-97dedb3e8753,{DF181C55-A486-46BB-B53C-44C2A113835D},2014-06-01,32.056216875712074
AFRO,ET,HARARI,ETHIOPIA,ET001018000000000000,ET001000000000000000,2019-01-01,9999-12-31,df181c55-a486-46bb-b53c-44c2a113835d,ETH,ETH,NA,HAR,1,Member state,231,ESARO,42.1106084185,9.25574831065,Harari,e9f231cb-35e1-467b-8b7c-067df2b9b8f5,NA,Ethiopia,NA,NA,cd3d86b5-7980-4368-aa78-a339ae05f9c0,e9f231cb-35e1-467b-8b7c-067df2b9b8f5,NA,6a6b7b71-4784-4435-a5b3-97dedb3e8753,{DF181C55-A486-46BB-B53C-44C2A113835D},2014-07-01,126.0424976348877
AFRO,ET,HARARI,ETHIOPIA,ET001018000000000000,ET001000000000000000,2019-01-01,9999-12-31,df181c55-a486-46bb-b53c-44c2a113835d,ETH,ETH,NA,HAR,1,Member state,231,ESARO,42.1106084185,9.25574831065,Harari,e9f231cb-35e1-467b-8b7c-067df2b9b8f5,NA,Ethiopia,NA,NA,cd3d86b5-7980-4368-aa78-a339ae05f9c0,e9f231cb-35e1-467b-8b7c-067df2b9b8f5,NA,6a6b7b71-4784-4435-a5b3-97dedb3e8753,{DF181C55-A486-46BB-B53C-44C2A113835D},2014-08-01,141.9266045888265
AFRO,ET,HARARI,ETHIOPIA,ET001018000000000000,ET001000000000000000,2019-01-01,9999-12-31,df181c55-a486-46bb-b53c-44c2a113835d,ETH,ETH,NA,HAR,1,Member state,231,ESARO,42.1106084185,9.25574831065,Harari,e9f231cb-35e1-467b-8b7c-067df2b9b8f5,NA,Ethiopia,NA,NA,cd3d86b5-7980-4368-aa78-a339ae05f9c0,e9f231cb-35e1-467b-8b7c-067df2b9b8f5,NA,6a6b7b71-4784-4435-a5b3-97dedb3e8753,{DF181C55-A486-46BB-B53C-44C2A113835D},2014-09-01,270.12787373860675
AFRO,ET,HARARI,ETHIOPIA,ET001018000000000000,ET001000000000000000,2019-01-01,9999-12-31,df181c55-a486-46bb-b53c-44c2a113835d,ETH,ETH,NA,HAR,1,Member state,231,ESARO,42.1106084185,9.25574831065,Harari,e9f231cb-35e1-467b-8b7c-067df2b9b8f5,NA,Ethiopia,NA,NA,cd3d86b5-7980-4368-aa78-a339ae05f9c0,e9f231cb-35e1-467b-8b7c-067df2b9b8f5,NA,6a6b7b71-4784-4435-a5b3-97dedb3e8753,{DF181C55-A486-46BB-B53C-44C2A113835D},2014-10-01,90.275543212890625
AFRO,ET,HARARI,ETHIOPIA,ET001018000000000000,ET001000000000000000,2019-01-01,9999-12-31,df181c55-a486-46bb-b53c-44c2a113835d,ETH,ETH,NA,HAR,1,Member state,231,ESARO,42.1106084185,9.25574831065,Harari,e9f231cb-35e1-467b-8b7c-067df2b9b8f5,NA,Ethiopia,NA,NA,cd3d86b5-7980-4368-aa78-a339ae05f9c0,e9f231cb-35e1-467b-8b7c-067df2b9b8f5,NA,6a6b7b71-4784-4435-a5b3-97dedb3e8753,{DF181C55-A486-46BB-B53C-44C2A113835D},2014-11-01,15.517669439315796
AFRO,ET,HARARI,ETHIOPIA,ET001018000000000000,ET001000000000000000,2019-01-01,9999-12-31,df181c55-a486-46bb-b53c-44c2a113835d,ETH,ETH,NA,HAR,1,Member state,231,ESARO,42.1106084185,9.25574831065,Harari,e9f231cb-35e1-467b-8b7c-067df2b9b8f5,NA,Ethiopia,NA,NA,cd3d86b5-7980-4368-aa78-a339ae05f9c0,e9f231cb-35e1-467b-8b7c-067df2b9b8f5,NA,6a6b7b71-4784-4435-a5b3-97dedb3e8753,{DF181C55-A486-46BB-B53C-44C2A113835D},2014-12-01,5.829036911328633
AFRO,ET,OROMIYA,ETHIOPIA,ET001019000000000000,ET001000000000000000,2019-01-01,9999-12-31,9903b6fb-7048-4c10-b70d-3442755e2a38,ETH,ETH,NA,ORO,1,Member state,231,ESARO,38.5691909803,7.58949964483,Oromiya,e9f231cb-35e1-467b-8b7c-067df2b9b8f5,NA,Ethiopia,NA,NA,1f024f9f-9542-495b-a8db-5e7bf2590088,e9f231cb-35e1-467b-8b7c-067df2b9b8f5,NA,6baa0bcd-b6c4-44df-b3dc-02e7858b87bc,{9903B6FB-7048-4C10-B70D-3442755E2A38},2014-01-01,8.925269835288677
AFRO,ET,OROMIYA,ETHIOPIA,ET001019000000000000,ET001000000000000000,2019-01-01,9999-12-31,9903b6fb-7048-4c10-b70d-3442755e2a38,ETH,ETH,NA,ORO,1,Member state,231,ESARO,38.5691909803,7.58949964483,Oromiya,e9f231cb-35e1-467b-8b7c-067df2b9b8f5,NA,Ethiopia,NA,NA,1f024f9f-9542-495b-a8db-5e7bf2590088,e9f231cb-35e1-467b-8b7c-067df2b9b8f5,NA,6baa0bcd-b6c4-44df-b3dc-02e7858b87bc,{9903B6FB-7048-4C10-B70D-3442755E2A38},2014-02-01,19.466324072635434
AFRO,ET,OROMIYA,ETHIOPIA,ET001019000000000000,ET001000000000000000,2019-01-01,9999-12-31,9903b6fb-7048-4c10-b70d-3442755e2a38,ETH,ETH,NA,ORO,1,Member state,231,ESARO,38.5691909803,7.58949964483,Oromiya,e9f231cb-35e1-467b-8b7c-067df2b9b8f5,NA,Ethiopia,NA,NA,1f024f9f-9542-495b-a8db-5e7bf2590088,e9f231cb-35e1-467b-8b7c-067df2b9b8f5,NA,6baa0bcd-b6c4-44df-b3dc-02e7858b87bc,{9903B6FB-7048-4C10-B70D-3442755E2A38},2014-03-01,85.89509517403154
AFRO,ET,OROMIYA,ETHIOPIA,ET001019000000000000,ET001000000000000000,2019-01-01,9999-12-31,9903b6fb-7048-4c10-b70d-3442755e2a38,ETH,ETH,NA,ORO,1,Member state,231,ESARO,38.5691909803,7.58949964483,Oromiya,e9f231cb-35e1-467b-8b7c-067df2b9b8f5,NA,Ethiopia,NA,NA,1f024f9f-9542-495b-a8db-5e7bf2590088,e9f231cb-35e1-467b-8b7c-067df2b9b8f5,NA,6baa0bcd-b6c4-44df-b3dc-02e7858b87bc,{9903B6FB-7048-4C10-B70D-3442755E2A38},2014-04-01,111.39813960437453
AFRO,ET,OROMIYA,ETHIOPIA,ET001019000000000000,ET001000000000000000,2019-01-01,9999-12-31,9903b6fb-7048-4c10-b70d-3442755e2a38,ETH,ETH,NA,ORO,1,Member state,231,ESARO,38.5691909803,7.58949964483,Oromiya,e9f231cb-35e1-467b-8b7c-067df2b9b8f5,NA,Ethiopia,NA,NA,1f024f9f-9542-495b-a8db-5e7bf2590088,e9f231cb-35e1-467b-8b7c-067df2b9b8f5,NA,6baa0bcd-b6c4-44df-b3dc-02e7858b87bc,{9903B6FB-7048-4C10-B70D-3442755E2A38},2014-05-01,167.72355686759883
AFRO,ET,OROMIYA,ETHIOPIA,ET001019000000000000,ET001000000000000000,2019-01-01,9999-12-31,9903b6fb-7048-4c10-b70d-3442755e2a38,ETH,ETH,NA,ORO,1,Member state,231,ESARO,38.5691909803,7.58949964483,Oromiya,e9f231cb-35e1-467b-8b7c-067df2b9b8f5,NA,Ethiopia,NA,NA,1f024f9f-9542-495b-a8db-5e7bf2590088,e9f231cb-35e1-467b-8b7c-067df2b9b8f5,NA,6baa0bcd-b6c4-44df-b3dc-02e7858b87bc,{9903B6FB-7048-4C10-B70D-3442755E2A38},2014-06-01,79.33813593052083
AFRO,ET,OROMIYA,ETHIOPIA,ET001019000000000000,ET001000000000000000,2019-01-01,9999-12-31,9903b6fb-7048-4c10-b70d-3442755e2a38,ETH,ETH,NA,ORO,1,Member state,231,ESARO,38.5691909803,7.58949964483,Oromiya,e9f231cb-35e1-467b-8b7c-067df2b9b8f5,NA,Ethiopia,NA,NA,1f024f9f-9542-495b-a8db-5e7bf2590088,e9f231cb-35e1-467b-8b7c-067df2b9b8f5,NA,6baa0bcd-b6c4-44df-b3dc-02e7858b87bc,{9903B6FB-7048-4C10-B70D-3442755E2A38},2014-07-01,117.53553128260374
AFRO,ET,OROMIYA,ETHIOPIA,ET001019000000000000,ET001000000000000000,2019-01-01,9999-12-31,9903b6fb-7048-4c10-b70d-3442755e2a38,ETH,ETH,NA,ORO,1,Member state,231,ESARO,38.5691909803,7.58949964483,Oromiya,e9f231cb-35e1-467b-8b7c-067df2b9b8f5,NA,Ethiopia,NA,NA,1f024f9f-9542-495b-a8db-5e7bf2590088,e9f231cb-35e1-467b-8b7c-067df2b9b8f5,NA,6baa0bcd-b6c4-44df-b3dc-02e7858b87bc,{9903B6FB-7048-4C10-B70D-3442755E2A38},2014-08-01,147.15901873293606
AFRO,ET,OROMIYA,ETHIOPIA,ET001019000000000000,ET001000000000000000,2019-01-01,9999-12-31,9903b6fb-7048-4c10-b70d-3442755e2a38,ETH,ETH,NA,ORO,1,Member state,231,ESARO,38.5691909803,7.58949964483,Oromiya,e9f231cb-35e1-467b-8b7c-067df2b9b8f5,NA,Ethiopia,NA,NA,1f024f9f-9542-495b-a8db-5e7bf2590088,e9f231cb-35e1-467b-8b7c-067df2b9b8f5,NA,6baa0bcd-b6c4-44df-b3dc-02e7858b87bc,{9903B6FB-7048-4C10-B70D-3442755E2A38},2014-09-01,137.27870606516606
AFRO,ET,OROMIYA,ETHIOPIA,ET001019000000000000,ET001000000000000000,2019-01-01,9999-12-31,9903b6fb-7048-4c10-b70d-3442755e2a38,ETH,ETH,NA,ORO,1,Member state,231,ESARO,38.5691909803,7.58949964483,Oromiya,e9f231cb-35e1-467b-8b7c-067df2b9b8f5,NA,Ethiopia,NA,NA,1f024f9f-9542-495b-a8db-5e7bf2590088,e9f231cb-35e1-467b-8b7c-067df2b9b8f5,NA,6baa0bcd-b6c4-44df-b3dc-02e7858b87bc,{9903B6FB-7048-4C10-B70D-3442755E2A38},2014-10-01,134.8324650616765
AFRO,ET,OROMIYA,ETHIOPIA,ET001019000000000000,ET001000000000000000,2019-01-01,9999-12-31,9903b6fb-7048-4c10-b70d-3442755e2a38,ETH,ETH,NA,ORO,1,Member state,231,ESARO,38.5691909803,7.58949964483,Oromiya,e9f231cb-35e1-467b-8b7c-067df2b9b8f5,NA,Ethiopia,NA,NA,1f024f9f-9542-495b-a8db-5e7bf2590088,e9f231cb-35e1-467b-8b7c-067df2b9b8f5,NA,6baa0bcd-b6c4-44df-b3dc-02e7858b87bc,{9903B6FB-7048-4C10-B70D-3442755E2A38},2014-11-01,29.57439466181167
AFRO,ET,OROMIYA,ETHIOPIA,ET001019000000000000,ET001000000000000000,2019-01-01,9999-12-31,9903b6fb-7048-4c10-b70d-3442755e2a38,ETH,ETH,NA,ORO,1,Member state,231,ESARO,38.5691909803,7.58949964483,Oromiya,e9f231cb-35e1-467b-8b7c-067df2b9b8f5,NA,Ethiopia,NA,NA,1f024f9f-9542-495b-a8db-5e7bf2590088,e9f231cb-35e1-467b-8b7c-067df2b9b8f5,NA,6baa0bcd-b6c4-44df-b3dc-02e7858b87bc,{9903B6FB-7048-4C10-B70D-3442755E2A38},2014-12-01,11.074540458698575
AFRO,ET,SNNP,ETHIOPIA,ET001020000000000000,ET001000000000000000,2019-01-01,9999-12-31,d267fd9c-1406-4ef2-8e60-9f87065c73d5,ETH,ETH,NA,SOU,1,Member state,231,ESARO,36.8106244459,6.46882831795,SNNP,e9f231cb-35e1-467b-8b7c-067df2b9b8f5,NA,Ethiopia,NA,NA,617a35e5-3500-4ba7-923a-9399862ed243,e9f231cb-35e1-467b-8b7c-067df2b9b8f5,NA,7bb4063e-6ebd-41f3-bc2e-94cc520e6616,{D267FD9C-1406-4EF2-8E60-9F87065C73D5},2014-01-01,15.852377245078301
AFRO,ET,SNNP,ETHIOPIA,ET001020000000000000,ET001000000000000000,2019-01-01,9999-12-31,d267fd9c-1406-4ef2-8e60-9f87065c73d5,ETH,ETH,NA,SOU,1,Member state,231,ESARO,36.8106244459,6.46882831795,SNNP,e9f231cb-35e1-467b-8b7c-067df2b9b8f5,NA,Ethiopia,NA,NA,617a35e5-3500-4ba7-923a-9399862ed243,e9f231cb-35e1-467b-8b7c-067df2b9b8f5,NA,7bb4063e-6ebd-41f3-bc2e-94cc520e6616,{D267FD9C-1406-4EF2-8E60-9F87065C73D5},2014-02-01,46.85066614876831
AFRO,ET,SNNP,ETHIOPIA,ET001020000000000000,ET001000000000000000,2019-01-01,9999-12-31,d267fd9c-1406-4ef2-8e60-9f87065c73d5,ETH,ETH,NA,SOU,1,Member state,231,ESARO,36.8106244459,6.46882831795,SNNP,e9f231cb-35e1-467b-8b7c-067df2b9b8f5,NA,Ethiopia,NA,NA,617a35e5-3500-4ba7-923a-9399862ed243,e9f231cb-35e1-467b-8b7c-067df2b9b8f5,NA,7bb4063e-6ebd-41f3-bc2e-94cc520e6616,{D267FD9C-1406-4EF2-8E60-9F87065C73D5},2014-03-01,144.89784629105063
AFRO,ET,SNNP,ETHIOPIA,ET001020000000000000,ET001000000000000000,2019-01-01,9999-12-31,d267fd9c-1406-4ef2-8e60-9f87065c73d5,ETH,ETH,NA,SOU,1,Member state,231,ESARO,36.8106244459,6.46882831795,SNNP,e9f231cb-35e1-467b-8b7c-067df2b9b8f5,NA,Ethiopia,NA,NA,617a35e5-3500-4ba7-923a-9399862ed243,e9f231cb-35e1-467b-8b7c-067df2b9b8f5,NA,7bb4063e-6ebd-41f3-bc2e-94cc520e6616,{D267FD9C-1406-4EF2-8E60-9F87065C73D5},2014-04-01,157.8116463250939
AFRO,ET,SNNP,ETHIOPIA,ET001020000000000000,ET001000000000000000,2019-01-01,9999-12-31,d267fd9c-1406-4ef2-8e60-9f87065c73d5,ETH,ETH,NA,SOU,1,Member state,231,ESARO,36.8106244459,6.46882831795,SNNP,e9f231cb-35e1-467b-8b7c-067df2b9b8f5,NA,Ethiopia,NA,NA,617a35e5-3500-4ba7-923a-9399862ed243,e9f231cb-35e1-467b-8b7c-067df2b9b8f5,NA,7bb4063e-6ebd-41f3-bc2e-94cc520e6616,{D267FD9C-1406-4EF2-8E60-9F87065C73D5},2014-05-01,224.18464724719016
AFRO,ET,SNNP,ETHIOPIA,ET001020000000000000,ET001000000000000000,2019-01-01,9999-12-31,d267fd9c-1406-4ef2-8e60-9f87065c73d5,ETH,ETH,NA,SOU,1,Member state,231,ESARO,36.8106244459,6.46882831795,SNNP,e9f231cb-35e1-467b-8b7c-067df2b9b8f5,NA,Ethiopia,NA,NA,617a35e5-3500-4ba7-923a-9399862ed243,e9f231cb-35e1-467b-8b7c-067df2b9b8f5,NA,7bb4063e-6ebd-41f3-bc2e-94cc520e6616,{D267FD9C-1406-4EF2-8E60-9F87065C73D5},2014-06-01,108.57337312609387
AFRO,ET,SNNP,ETHIOPIA,ET001020000000000000,ET001000000000000000,2019-01-01,9999-12-31,d267fd9c-1406-4ef2-8e60-9f87065c73d5,ETH,ETH,NA,SOU,1,Member state,231,ESARO,36.8106244459,6.46882831795,SNNP,e9f231cb-35e1-467b-8b7c-067df2b9b8f5,NA,Ethiopia,NA,NA,617a35e5-3500-4ba7-923a-9399862ed243,e9f231cb-35e1-467b-8b7c-067df2b9b8f5,NA,7bb4063e-6ebd-41f3-bc2e-94cc520e6616,{D267FD9C-1406-4EF2-8E60-9F87065C73D5},2014-07-01,108.55433226681767
AFRO,ET,SNNP,ETHIOPIA,ET001020000000000000,ET001000000000000000,2019-01-01,9999-12-31,d267fd9c-1406-4ef2-8e60-9f87065c73d5,ETH,ETH,NA,SOU,1,Member state,231,ESARO,36.8106244459,6.46882831795,SNNP,e9f231cb-35e1-467b-8b7c-067df2b9b8f5,NA,Ethiopia,NA,NA,617a35e5-3500-4ba7-923a-9399862ed243,e9f231cb-35e1-467b-8b7c-067df2b9b8f5,NA,7bb4063e-6ebd-41f3-bc2e-94cc520e6616,{D267FD9C-1406-4EF2-8E60-9F87065C73D5},2014-08-01,179.58948032218322
AFRO,ET,SNNP,ETHIOPIA,ET001020000000000000,ET001000000000000000,2019-01-01,9999-12-31,d267fd9c-1406-4ef2-8e60-9f87065c73d5,ETH,ETH,NA,SOU,1,Member state,231,ESARO,36.8106244459,6.46882831795,SNNP,e9f231cb-35e1-467b-8b7c-067df2b9b8f5,NA,Ethiopia,NA,NA,617a35e5-3500-4ba7-923a-9399862ed243,e9f231cb-35e1-467b-8b7c-067df2b9b8f5,NA,7bb4063e-6ebd-41f3-bc2e-94cc520e6616,{D267FD9C-1406-4EF2-8E60-9F87065C73D5},2014-09-01,150.68117780688118
AFRO,ET,SNNP,ETHIOPIA,ET001020000000000000,ET001000000000000000,2019-01-01,9999-12-31,d267fd9c-1406-4ef2-8e60-9f87065c73d5,ETH,ETH,NA,SOU,1,Member state,231,ESARO,36.8106244459,6.46882831795,SNNP,e9f231cb-35e1-467b-8b7c-067df2b9b8f5,NA,Ethiopia,NA,NA,617a35e5-3500-4ba7-923a-9399862ed243,e9f231cb-35e1-467b-8b7c-067df2b9b8f5,NA,7bb4063e-6ebd-41f3-bc2e-94cc520e6616,{D267FD9C-1406-4EF2-8E60-9F87065C73D5},2014-10-01,164.14911803316562
AFRO,ET,SNNP,ETHIOPIA,ET001020000000000000,ET001000000000000000,2019-01-01,9999-12-31,d267fd9c-1406-4ef2-8e60-9f87065c73d5,ETH,ETH,NA,SOU,1,Member state,231,ESARO,36.8106244459,6.46882831795,SNNP,e9f231cb-35e1-467b-8b7c-067df2b9b8f5,NA,Ethiopia,NA,NA,617a35e5-3500-4ba7-923a-9399862ed243,e9f231cb-35e1-467b-8b7c-067df2b9b8f5,NA,7bb4063e-6ebd-41f3-bc2e-94cc520e6616,{D267FD9C-1406-4EF2-8E60-9F87065C73D5},2014-11-01,89.90839436853726
AFRO,ET,SNNP,ETHIOPIA,ET001020000000000000,ET001000000000000000,2019-01-01,9999-12-31,d267fd9c-1406-4ef2-8e60-9f87065c73d5,ETH,ETH,NA,SOU,1,Member state,231,ESARO,36.8106244459,6.46882831795,SNNP,e9f231cb-35e1-467b-8b7c-067df2b9b8f5,NA,Ethiopia,NA,NA,617a35e5-3500-4ba7-923a-9399862ed243,e9f231cb-35e1-467b-8b7c-067df2b9b8f5,NA,7bb4063e-6ebd-41f3-bc2e-94cc520e6616,{D267FD9C-1406-4EF2-8E60-9F87065C73D5},2014-12-01,26.156607966586407
AFRO,ET,SOMALI,ETHIOPIA,ET001021000000000000,ET001000000000000000,2019-01-01,9999-12-31,7d29268a-4fe5-44c2-802a-360178bb5c4c,ETH,ETH,NA,SOM,1,Member state,231,ESARO,43.157348314,6.90273763302,Somali,e9f231cb-35e1-467b-8b7c-067df2b9b8f5,NA,Ethiopia,NA,NA,01404d94-0eaa-4352-979a-9b004de3f566,e9f231cb-35e1-467b-8b7c-067df2b9b8f5,NA,369929c6-8c46-490b-aa4c-cea9f8cc08ae,{7D29268A-4FE5-44C2-802A-360178BB5C4C},2014-01-01,2.6777902502385404
AFRO,ET,SOMALI,ETHIOPIA,ET001021000000000000,ET001000000000000000,2019-01-01,9999-12-31,7d29268a-4fe5-44c2-802a-360178bb5c4c,ETH,ETH,NA,SOM,1,Member state,231,ESARO,43.157348314,6.90273763302,Somali,e9f231cb-35e1-467b-8b7c-067df2b9b8f5,NA,Ethiopia,NA,NA,01404d94-0eaa-4352-979a-9b004de3f566,e9f231cb-35e1-467b-8b7c-067df2b9b8f5,NA,369929c6-8c46-490b-aa4c-cea9f8cc08ae,{7D29268A-4FE5-44C2-802A-360178BB5C4C},2014-02-01,5.934786830170413
AFRO,ET,SOMALI,ETHIOPIA,ET001021000000000000,ET001000000000000000,2019-01-01,9999-12-31,7d29268a-4fe5-44c2-802a-360178bb5c4c,ETH,ETH,NA,SOM,1,Member state,231,ESARO,43.157348314,6.90273763302,Somali,e9f231cb-35e1-467b-8b7c-067df2b9b8f5,NA,Ethiopia,NA,NA,01404d94-0eaa-4352-979a-9b004de3f566,e9f231cb-35e1-467b-8b7c-067df2b9b8f5,NA,369929c6-8c46-490b-aa4c-cea9f8cc08ae,{7D29268A-4FE5-44C2-802A-360178BB5C4C},2014-03-01,23.123885692219247
AFRO,ET,SOMALI,ETHIOPIA,ET001021000000000000,ET001000000000000000,2019-01-01,9999-12-31,7d29268a-4fe5-44c2-802a-360178bb5c4c,ETH,ETH,NA,SOM,1,Member state,231,ESARO,43.157348314,6.90273763302,Somali,e9f231cb-35e1-467b-8b7c-067df2b9b8f5,NA,Ethiopia,NA,NA,01404d94-0eaa-4352-979a-9b004de3f566,e9f231cb-35e1-467b-8b7c-067df2b9b8f5,NA,369929c6-8c46-490b-aa4c-cea9f8cc08ae,{7D29268A-4FE5-44C2-802A-360178BB5C4C},2014-04-01,48.973684618187086
AFRO,ET,SOMALI,ETHIOPIA,ET001021000000000000,ET001000000000000000,2019-01-01,9999-12-31,7d29268a-4fe5-44c2-802a-360178bb5c4c,ETH,ETH,NA,SOM,1,Member state,231,ESARO,43.157348314,6.90273763302,Somali,e9f231cb-35e1-467b-8b7c-067df2b9b8f5,NA,Ethiopia,NA,NA,01404d94-0eaa-4352-979a-9b004de3f566,e9f231cb-35e1-467b-8b7c-067df2b9b8f5,NA,369929c6-8c46-490b-aa4c-cea9f8cc08ae,{7D29268A-4FE5-44C2-802A-360178BB5C4C},2014-05-01,73.86600852614468
AFRO,ET,SOMALI,ETHIOPIA,ET001021000000000000,ET001000000000000000,2019-01-01,9999-12-31,7d29268a-4fe5-44c2-802a-360178bb5c4c,ETH,ETH,NA,SOM,1,Member state,231,ESARO,43.157348314,6.90273763302,Somali,e9f231cb-35e1-467b-8b7c-067df2b9b8f5,NA,Ethiopia,NA,NA,01404d94-0eaa-4352-979a-9b004de3f566,e9f231cb-35e1-467b-8b7c-067df2b9b8f5,NA,369929c6-8c46-490b-aa4c-cea9f8cc08ae,{7D29268A-4FE5-44C2-802A-360178BB5C4C},2014-06-01,7.674844630993151
AFRO,ET,SOMALI,ETHIOPIA,ET001021000000000000,ET001000000000000000,2019-01-01,9999-12-31,7d29268a-4fe5-44c2-802a-360178bb5c4c,ETH,ETH,NA,SOM,1,Member state,231,ESARO,43.157348314,6.90273763302,Somali,e9f231cb-35e1-467b-8b7c-067df2b9b8f5,NA,Ethiopia,NA,NA,01404d94-0eaa-4352-979a-9b004de3f566,e9f231cb-35e1-467b-8b7c-067df2b9b8f5,NA,369929c6-8c46-490b-aa4c-cea9f8cc08ae,{7D29268A-4FE5-44C2-802A-360178BB5C4C},2014-07-01,11.129581823127701
AFRO,ET,SOMALI,ETHIOPIA,ET001021000000000000,ET001000000000000000,2019-01-01,9999-12-31,7d29268a-4fe5-44c2-802a-360178bb5c4c,ETH,ETH,NA,SOM,1,Member state,231,ESARO,43.157348314,6.90273763302,Somali,e9f231cb-35e1-467b-8b7c-067df2b9b8f5,NA,Ethiopia,NA,NA,01404d94-0eaa-4352-979a-9b004de3f566,e9f231cb-35e1-467b-8b7c-067df2b9b8f5,NA,369929c6-8c46-490b-aa4c-cea9f8cc08ae,{7D29268A-4FE5-44C2-802A-360178BB5C4C},2014-08-01,17.650345277133933
AFRO,ET,SOMALI,ETHIOPIA,ET001021000000000000,ET001000000000000000,2019-01-01,9999-12-31,7d29268a-4fe5-44c2-802a-360178bb5c4c,ETH,ETH,NA,SOM,1,Member state,231,ESARO,43.157348314,6.90273763302,Somali,e9f231cb-35e1-467b-8b7c-067df2b9b8f5,NA,Ethiopia,NA,NA,01404d94-0eaa-4352-979a-9b004de3f566,e9f231cb-35e1-467b-8b7c-067df2b9b8f5,NA,369929c6-8c46-490b-aa4c-cea9f8cc08ae,{7D29268A-4FE5-44C2-802A-360178BB5C4C},2014-09-01,33.22587063851024
AFRO,ET,SOMALI,ETHIOPIA,ET001021000000000000,ET001000000000000000,2019-01-01,9999-12-31,7d29268a-4fe5-44c2-802a-360178bb5c4c,ETH,ETH,NA,SOM,1,Member state,231,ESARO,43.157348314,6.90273763302,Somali,e9f231cb-35e1-467b-8b7c-067df2b9b8f5,NA,Ethiopia,NA,NA,01404d94-0eaa-4352-979a-9b004de3f566,e9f231cb-35e1-467b-8b7c-067df2b9b8f5,NA,369929c6-8c46-490b-aa4c-cea9f8cc08ae,{7D29268A-4FE5-44C2-802A-360178BB5C4C},2014-10-01,102.99402508987096
AFRO,ET,SOMALI,ETHIOPIA,ET001021000000000000,ET001000000000000000,2019-01-01,9999-12-31,7d29268a-4fe5-44c2-802a-360178bb5c4c,ETH,ETH,NA,SOM,1,Member state,231,ESARO,43.157348314,6.90273763302,Somali,e9f231cb-35e1-467b-8b7c-067df2b9b8f5,NA,Ethiopia,NA,NA,01404d94-0eaa-4352-979a-9b004de3f566,e9f231cb-35e1-467b-8b7c-067df2b9b8f5,NA,369929c6-8c46-490b-aa4c-cea9f8cc08ae,{7D29268A-4FE5-44C2-802A-360178BB5C4C},2014-11-01,24.683425597947043
AFRO,ET,SOMALI,ETHIOPIA,ET001021000000000000,ET001000000000000000,2019-01-01,9999-12-31,7d29268a-4fe5-44c2-802a-360178bb5c4c,ETH,ETH,NA,SOM,1,Member state,231,ESARO,43.157348314,6.90273763302,Somali,e9f231cb-35e1-467b-8b7c-067df2b9b8f5,NA,Ethiopia,NA,NA,01404d94-0eaa-4352-979a-9b004de3f566,e9f231cb-35e1-467b-8b7c-067df2b9b8f5,NA,369929c6-8c46-490b-aa4c-cea9f8cc08ae,{7D29268A-4FE5-44C2-802A-360178BB5C4C},2014-12-01,3.350687476133439
AFRO,ET,TIGRAY,ETHIOPIA,ET001022000000000000,ET001000000000000000,2019-01-01,9999-12-31,ace6ad0a-9ece-4e94-ba06-ec13af5af7bd,ETH,ETH,NA,TIG,1,Member state,231,ESARO,38.493407803,13.6116739355,Tigray,e9f231cb-35e1-467b-8b7c-067df2b9b8f5,NA,Ethiopia,NA,NA,f63de5c9-bc4c-4f7c-a6c8-527215034dc1,e9f231cb-35e1-467b-8b7c-067df2b9b8f5,NA,3a16b4b2-a2e5-4d3f-96e2-3723bf373585,{ACE6AD0A-9ECE-4E94-BA06-EC13AF5AF7BD},2014-01-01,5.413099678730404
AFRO,ET,TIGRAY,ETHIOPIA,ET001022000000000000,ET001000000000000000,2019-01-01,9999-12-31,ace6ad0a-9ece-4e94-ba06-ec13af5af7bd,ETH,ETH,NA,TIG,1,Member state,231,ESARO,38.493407803,13.6116739355,Tigray,e9f231cb-35e1-467b-8b7c-067df2b9b8f5,NA,Ethiopia,NA,NA,f63de5c9-bc4c-4f7c-a6c8-527215034dc1,e9f231cb-35e1-467b-8b7c-067df2b9b8f5,NA,3a16b4b2-a2e5-4d3f-96e2-3723bf373585,{ACE6AD0A-9ECE-4E94-BA06-EC13AF5AF7BD},2014-02-01,5.844097043628468
AFRO,ET,TIGRAY,ETHIOPIA,ET001022000000000000,ET001000000000000000,2019-01-01,9999-12-31,ace6ad0a-9ece-4e94-ba06-ec13af5af7bd,ETH,ETH,NA,TIG,1,Member state,231,ESARO,38.493407803,13.6116739355,Tigray,e9f231cb-35e1-467b-8b7c-067df2b9b8f5,NA,Ethiopia,NA,NA,f63de5c9-bc4c-4f7c-a6c8-527215034dc1,e9f231cb-35e1-467b-8b7c-067df2b9b8f5,NA,3a16b4b2-a2e5-4d3f-96e2-3723bf373585,{ACE6AD0A-9ECE-4E94-BA06-EC13AF5AF7BD},2014-03-01,29.845921060325445
AFRO,ET,TIGRAY,ETHIOPIA,ET001022000000000000,ET001000000000000000,2019-01-01,9999-12-31,ace6ad0a-9ece-4e94-ba06-ec13af5af7bd,ETH,ETH,NA,TIG,1,Member state,231,ESARO,38.493407803,13.6116739355,Tigray,e9f231cb-35e1-467b-8b7c-067df2b9b8f5,NA,Ethiopia,NA,NA,f63de5c9-bc4c-4f7c-a6c8-527215034dc1,e9f231cb-35e1-467b-8b7c-067df2b9b8f5,NA,3a16b4b2-a2e5-4d3f-96e2-3723bf373585,{ACE6AD0A-9ECE-4E94-BA06-EC13AF5AF7BD},2014-04-01,45.523451765132954
AFRO,ET,TIGRAY,ETHIOPIA,ET001022000000000000,ET001000000000000000,2019-01-01,9999-12-31,ace6ad0a-9ece-4e94-ba06-ec13af5af7bd,ETH,ETH,NA,TIG,1,Member state,231,ESARO,38.493407803,13.6116739355,Tigray,e9f231cb-35e1-467b-8b7c-067df2b9b8f5,NA,Ethiopia,NA,NA,f63de5c9-bc4c-4f7c-a6c8-527215034dc1,e9f231cb-35e1-467b-8b7c-067df2b9b8f5,NA,3a16b4b2-a2e5-4d3f-96e2-3723bf373585,{ACE6AD0A-9ECE-4E94-BA06-EC13AF5AF7BD},2014-05-01,83.2686073385148
AFRO,ET,TIGRAY,ETHIOPIA,ET001022000000000000,ET001000000000000000,2019-01-01,9999-12-31,ace6ad0a-9ece-4e94-ba06-ec13af5af7bd,ETH,ETH,NA,TIG,1,Member state,231,ESARO,38.493407803,13.6116739355,Tigray,e9f231cb-35e1-467b-8b7c-067df2b9b8f5,NA,Ethiopia,NA,NA,f63de5c9-bc4c-4f7c-a6c8-527215034dc1,e9f231cb-35e1-467b-8b7c-067df2b9b8f5,NA,3a16b4b2-a2e5-4d3f-96e2-3723bf373585,{ACE6AD0A-9ECE-4E94-BA06-EC13AF5AF7BD},2014-06-01,67.10699562820368
AFRO,ET,TIGRAY,ETHIOPIA,ET001022000000000000,ET001000000000000000,2019-01-01,9999-12-31,ace6ad0a-9ece-4e94-ba06-ec13af5af7bd,ETH,ETH,NA,TIG,1,Member state,231,ESARO,38.493407803,13.6116739355,Tigray,e9f231cb-35e1-467b-8b7c-067df2b9b8f5,NA,Ethiopia,NA,NA,f63de5c9-bc4c-4f7c-a6c8-527215034dc1,e9f231cb-35e1-467b-8b7c-067df2b9b8f5,NA,3a16b4b2-a2e5-4d3f-96e2-3723bf373585,{ACE6AD0A-9ECE-4E94-BA06-EC13AF5AF7BD},2014-07-01,204.24643726702078
AFRO,ET,TIGRAY,ETHIOPIA,ET001022000000000000,ET001000000000000000,2019-01-01,9999-12-31,ace6ad0a-9ece-4e94-ba06-ec13af5af7bd,ETH,ETH,NA,TIG,1,Member state,231,ESARO,38.493407803,13.6116739355,Tigray,e9f231cb-35e1-467b-8b7c-067df2b9b8f5,NA,Ethiopia,NA,NA,f63de5c9-bc4c-4f7c-a6c8-527215034dc1,e9f231cb-35e1-467b-8b7c-067df2b9b8f5,NA,3a16b4b2-a2e5-4d3f-96e2-3723bf373585,{ACE6AD0A-9ECE-4E94-BA06-EC13AF5AF7BD},2014-08-01,226.51241180043172
AFRO,ET,TIGRAY,ETHIOPIA,ET001022000000000000,ET001000000000000000,2019-01-01,9999-12-31,ace6ad0a-9ece-4e94-ba06-ec13af5af7bd,ETH,ETH,NA,TIG,1,Member state,231,ESARO,38.493407803,13.6116739355,Tigray,e9f231cb-35e1-467b-8b7c-067df2b9b8f5,NA,Ethiopia,NA,NA,f63de5c9-bc4c-4f7c-a6c8-527215034dc1,e9f231cb-35e1-467b-8b7c-067df2b9b8f5,NA,3a16b4b2-a2e5-4d3f-96e2-3723bf373585,{ACE6AD0A-9ECE-4E94-BA06-EC13AF5AF7BD},2014-09-01,109.18577133431812
AFRO,ET,TIGRAY,ETHIOPIA,ET001022000000000000,ET001000000000000000,2019-01-01,9999-12-31,ace6ad0a-9ece-4e94-ba06-ec13af5af7bd,ETH,ETH,NA,TIG,1,Member state,231,ESARO,38.493407803,13.6116739355,Tigray,e9f231cb-35e1-467b-8b7c-067df2b9b8f5,NA,Ethiopia,NA,NA,f63de5c9-bc4c-4f7c-a6c8-527215034dc1,e9f231cb-35e1-467b-8b7c-067df2b9b8f5,NA,3a16b4b2-a2e5-4d3f-96e2-3723bf373585,{ACE6AD0A-9ECE-4E94-BA06-EC13AF5AF7BD},2014-10-01,46.41999820770051
AFRO,ET,TIGRAY,ETHIOPIA,ET001022000000000000,ET001000000000000000,2019-01-01,9999-12-31,ace6ad0a-9ece-4e94-ba06-ec13af5af7bd,ETH,ETH,NA,TIG,1,Member state,231,ESARO,38.493407803,13.6116739355,Tigray,e9f231cb-35e1-467b-8b7c-067df2b9b8f5,NA,Ethiopia,NA,NA,f63de5c9-bc4c-4f7c-a6c8-527215034dc1,e9f231cb-35e1-467b-8b7c-067df2b9b8f5,NA,3a16b4b2-a2e5-4d3f-96e2-3723bf373585,{ACE6AD0A-9ECE-4E94-BA06-EC13AF5AF7BD},2014-11-01,9.01734152804189
AFRO,ET,TIGRAY,ETHIOPIA,ET001022000000000000,ET001000000000000000,2019-01-01,9999-12-31,ace6ad0a-9ece-4e94-ba06-ec13af5af7bd,ETH,ETH,NA,TIG,1,Member state,231,ESARO,38.493407803,13.6116739355,Tigray,e9f231cb-35e1-467b-8b7c-067df2b9b8f5,NA,Ethiopia,NA,NA,f63de5c9-bc4c-4f7c-a6c8-527215034dc1,e9f231cb-35e1-467b-8b7c-067df2b9b8f5,NA,3a16b4b2-a2e5-4d3f-96e2-3723bf373585,{ACE6AD0A-9ECE-4E94-BA06-EC13AF5AF7BD},2014-12-01,4.519960903229138
